Salle,Date,Nom,Description,Valeur
Secreteriat,"16-01-2023 15:11:11",co2,,682
Secreteriat,"16-01-2023 15:11:11",hum,,58.9
Secreteriat,"16-01-2023 15:11:11",temp,,22
Secreteriat,"16-01-2023 14:56:07",co2,,642
Secreteriat,"16-01-2023 14:56:07",hum,,59
Secreteriat,"16-01-2023 14:56:07",temp,,21.8
Secreteriat,"16-01-2023 14:41:03",co2,,614
Secreteriat,"16-01-2023 14:41:03",hum,,59.3
Secreteriat,"16-01-2023 14:41:03",temp,,21.6
Secreteriat,"16-01-2023 14:25:59",co2,,592
Secreteriat,"16-01-2023 14:25:59",hum,,59.5
Secreteriat,"16-01-2023 14:25:59",temp,,21.5
Secreteriat,"16-01-2023 14:10:55",co2,,468
Secreteriat,"16-01-2023 14:10:55",hum,,59.4
Secreteriat,"16-01-2023 14:10:55",temp,,21.2
Secreteriat,"16-01-2023 13:55:51",co2,,400
Secreteriat,"16-01-2023 13:55:51",hum,,58.1
Secreteriat,"16-01-2023 13:55:51",temp,,20.9
Secreteriat,"16-01-2023 13:40:47",co2,,400
Secreteriat,"16-01-2023 13:40:47",hum,,58
Secreteriat,"16-01-2023 13:40:47",temp,,20.9
Secreteriat,"16-01-2023 13:25:44",co2,,400
Secreteriat,"16-01-2023 13:25:44",hum,,57.7
Secreteriat,"16-01-2023 13:25:44",temp,,20.8
Secreteriat,"16-01-2023 13:10:40",co2,,400
Secreteriat,"16-01-2023 13:10:40",hum,,57
Secreteriat,"16-01-2023 13:10:40",temp,,20.8
Secreteriat,"16-01-2023 12:55:36",co2,,400
Secreteriat,"16-01-2023 12:55:36",hum,,56.2
Secreteriat,"16-01-2023 12:55:36",temp,,20.9
Secreteriat,"16-01-2023 12:40:32",co2,,400
Secreteriat,"16-01-2023 12:40:32",hum,,55.3
Secreteriat,"16-01-2023 12:40:32",temp,,21.1
Secreteriat,"16-01-2023 12:25:29",co2,,400
Secreteriat,"16-01-2023 12:25:29",hum,,56.4
Secreteriat,"16-01-2023 12:25:29",temp,,21.3
Secreteriat,"16-01-2023 12:10:25",co2,,400
Secreteriat,"16-01-2023 12:10:25",hum,,57.1
Secreteriat,"16-01-2023 12:10:25",temp,,21.7
Secreteriat,"16-01-2023 11:55:21",co2,,567
Secreteriat,"16-01-2023 11:55:21",hum,,59.3
Secreteriat,"16-01-2023 11:55:21",temp,,22
Secreteriat,"16-01-2023 11:40:17",co2,,500
Secreteriat,"16-01-2023 11:40:17",hum,,59.2
Secreteriat,"16-01-2023 11:40:17",temp,,21.8
Secreteriat,"16-01-2023 11:25:13",co2,,400
Secreteriat,"16-01-2023 11:25:13",hum,,58
Secreteriat,"16-01-2023 11:25:13",temp,,21.6
Secreteriat,"16-01-2023 11:10:09",co2,,437
Secreteriat,"16-01-2023 11:10:09",hum,,58.7
Secreteriat,"16-01-2023 11:10:09",temp,,21.4
Secreteriat,"16-01-2023 10:55:05",co2,,535
Secreteriat,"16-01-2023 10:55:05",hum,,60.2
Secreteriat,"16-01-2023 10:55:05",temp,,21.4
Secreteriat,"16-01-2023 10:40:01",co2,,483
Secreteriat,"16-01-2023 10:40:01",hum,,59.5
Secreteriat,"16-01-2023 10:40:01",temp,,21.2
Secreteriat,"16-01-2023 10:24:57",co2,,518
Secreteriat,"16-01-2023 10:24:57",hum,,61
Secreteriat,"16-01-2023 10:24:57",temp,,21.1
Secreteriat,"16-01-2023 10:09:53",co2,,425
Secreteriat,"16-01-2023 10:09:53",hum,,60.5
Secreteriat,"16-01-2023 10:09:53",temp,,20.7
Secreteriat,"13-01-2023 17:28:37",co2,,741
Secreteriat,"13-01-2023 17:28:37",hum,,64.8
Secreteriat,"13-01-2023 17:28:37",temp,,21.8
Secreteriat,"13-01-2023 17:13:33",co2,,665
Secreteriat,"13-01-2023 17:13:33",hum,,64
Secreteriat,"13-01-2023 17:13:33",temp,,21.9
Secreteriat,"13-01-2023 16:58:29",co2,,688
Secreteriat,"13-01-2023 16:58:29",hum,,65
Secreteriat,"13-01-2023 16:58:29",temp,,21.8
Secreteriat,"13-01-2023 16:43:25",co2,,659
Secreteriat,"13-01-2023 16:43:25",hum,,64.3
Secreteriat,"13-01-2023 16:43:25",temp,,21.8
Secreteriat,"13-01-2023 16:28:20",co2,,620
Secreteriat,"13-01-2023 16:28:20",hum,,63.8
Secreteriat,"13-01-2023 16:28:20",temp,,21.7
Secreteriat,"13-01-2023 16:13:16",co2,,604
Secreteriat,"13-01-2023 16:13:16",hum,,64
Secreteriat,"13-01-2023 16:13:16",temp,,21.7
Secreteriat,"13-01-2023 15:58:12",co2,,570
Secreteriat,"13-01-2023 15:58:12",hum,,64.2
Secreteriat,"13-01-2023 15:58:12",temp,,21.4
Secreteriat,"13-01-2023 15:43:08",co2,,519
Secreteriat,"13-01-2023 15:43:08",hum,,64.2
Secreteriat,"13-01-2023 15:43:08",temp,,21.1
Secreteriat,"13-01-2023 15:28:04",co2,,400
Secreteriat,"13-01-2023 15:28:04",hum,,63.6
Secreteriat,"13-01-2023 15:28:04",temp,,20.7
Secreteriat,"13-01-2023 15:13:00",co2,,400
Secreteriat,"13-01-2023 15:13:00",hum,,63.4
Secreteriat,"13-01-2023 15:13:00",temp,,20.2
Secreteriat,"13-01-2023 14:57:57",co2,,400
Secreteriat,"13-01-2023 14:57:57",hum,,63.7
Secreteriat,"13-01-2023 14:57:57",temp,,20.1
Secreteriat,"13-01-2023 14:42:53",co2,,400
Secreteriat,"13-01-2023 14:42:53",hum,,64.1
Secreteriat,"13-01-2023 14:42:53",temp,,20
Secreteriat,"13-01-2023 14:27:49",co2,,400
Secreteriat,"13-01-2023 14:27:49",hum,,62.6
Secreteriat,"13-01-2023 14:27:49",temp,,20
Secreteriat,"13-01-2023 14:12:45",co2,,400
Secreteriat,"13-01-2023 14:12:45",hum,,62.2
Secreteriat,"13-01-2023 14:12:45",temp,,20
Secreteriat,"13-01-2023 13:57:42",co2,,400
Secreteriat,"13-01-2023 13:57:42",hum,,63.2
Secreteriat,"13-01-2023 13:57:42",temp,,20.6
Secreteriat,"13-01-2023 13:42:38",co2,,610
Secreteriat,"13-01-2023 13:42:38",hum,,66.7
Secreteriat,"13-01-2023 13:42:38",temp,,20.9
Secreteriat,"13-01-2023 13:27:33",co2,,602
Secreteriat,"13-01-2023 13:27:33",hum,,66.2
Secreteriat,"13-01-2023 13:27:33",temp,,20.9
Secreteriat,"13-01-2023 13:12:29",co2,,557
Secreteriat,"13-01-2023 13:12:29",hum,,65.3
Secreteriat,"13-01-2023 13:12:29",temp,,21
Secreteriat,"13-01-2023 12:57:25",co2,,580
Secreteriat,"13-01-2023 12:57:25",hum,,65.1
Secreteriat,"13-01-2023 12:57:25",temp,,21.2
Secreteriat,"13-01-2023 12:42:21",co2,,667
Secreteriat,"13-01-2023 12:42:21",hum,,65.7
Secreteriat,"13-01-2023 12:42:21",temp,,21.4
Secreteriat,"13-01-2023 12:27:17",co2,,658
Secreteriat,"13-01-2023 12:27:17",hum,,64.5
Secreteriat,"13-01-2023 12:27:17",temp,,21.6
Secreteriat,"13-01-2023 12:12:13",co2,,634
Secreteriat,"13-01-2023 12:12:13",hum,,63
Secreteriat,"13-01-2023 12:12:13",temp,,22
Secreteriat,"13-01-2023 11:57:09",co2,,744
Secreteriat,"13-01-2023 11:57:09",hum,,63.8
Secreteriat,"13-01-2023 11:57:09",temp,,22.3
Secreteriat,"13-01-2023 11:42:05",co2,,765
Secreteriat,"13-01-2023 11:42:05",hum,,64.2
Secreteriat,"13-01-2023 11:42:05",temp,,22.4
Secreteriat,"13-01-2023 11:27:01",co2,,753
Secreteriat,"13-01-2023 11:27:01",hum,,63.4
Secreteriat,"13-01-2023 11:27:01",temp,,22.3
Secreteriat,"13-01-2023 11:11:56",co2,,746
Secreteriat,"13-01-2023 11:11:56",hum,,64.6
Secreteriat,"13-01-2023 11:11:56",temp,,22.2
Secreteriat,"13-01-2023 10:56:52",co2,,760
Secreteriat,"13-01-2023 10:56:52",hum,,65.4
Secreteriat,"13-01-2023 10:56:52",temp,,22
Secreteriat,"13-01-2023 10:41:48",co2,,816
Secreteriat,"13-01-2023 10:41:48",hum,,65.6
Secreteriat,"13-01-2023 10:41:48",temp,,22
Secreteriat,"13-01-2023 10:26:44",co2,,775
Secreteriat,"13-01-2023 10:26:44",hum,,65.8
Secreteriat,"13-01-2023 10:26:44",temp,,21.8
Secreteriat,"13-01-2023 10:11:40",co2,,735
Secreteriat,"13-01-2023 10:11:40",hum,,66.3
Secreteriat,"13-01-2023 10:11:40",temp,,21.7
Secreteriat,"13-01-2023 09:56:35",co2,,778
Secreteriat,"13-01-2023 09:56:35",hum,,67.9
Secreteriat,"13-01-2023 09:56:35",temp,,21.7
Secreteriat,"13-01-2023 09:41:31",co2,,938
Secreteriat,"13-01-2023 09:41:31",hum,,69.7
Secreteriat,"13-01-2023 09:41:31",temp,,21.5
Secreteriat,"13-01-2023 09:26:27",co2,,823
Secreteriat,"13-01-2023 09:26:27",hum,,68.5
Secreteriat,"13-01-2023 09:26:27",temp,,21.3
Secreteriat,"13-01-2023 09:11:23",co2,,680
Secreteriat,"13-01-2023 09:11:23",hum,,68.2
Secreteriat,"13-01-2023 09:11:23",temp,,21
Secreteriat,"13-01-2023 08:56:19",co2,,623
Secreteriat,"13-01-2023 08:56:19",hum,,67.8
Secreteriat,"13-01-2023 08:56:19",temp,,20.5
Secreteriat,"13-01-2023 08:41:15",co2,,503
Secreteriat,"13-01-2023 08:41:15",hum,,67.8
Secreteriat,"13-01-2023 08:41:15",temp,,20.1
Secreteriat,"12-01-2023 12:04:08",co2,,453
Secreteriat,"12-01-2023 12:04:08",hum,,63.7
Secreteriat,"12-01-2023 12:04:08",temp,,22.3
Secreteriat,"12-01-2023 11:49:04",co2,,400
Secreteriat,"12-01-2023 11:49:04",hum,,62.6
Secreteriat,"12-01-2023 11:49:04",temp,,22.2
Secreteriat,"12-01-2023 11:34:00",co2,,400
Secreteriat,"12-01-2023 11:34:00",hum,,63.2
Secreteriat,"12-01-2023 11:34:00",temp,,22.2
Secreteriat,"12-01-2023 11:18:56",co2,,400
Secreteriat,"12-01-2023 11:18:56",hum,,63.4
Secreteriat,"12-01-2023 11:18:56",temp,,22
Secreteriat,"12-01-2023 11:03:52",co2,,505
Secreteriat,"12-01-2023 11:03:52",hum,,63.7
Secreteriat,"12-01-2023 11:03:52",temp,,21.9
Secreteriat,"12-01-2023 10:48:48",co2,,464
Secreteriat,"12-01-2023 10:48:48",hum,,64
Secreteriat,"12-01-2023 10:48:48",temp,,21.8
Secreteriat,"12-01-2023 10:33:44",co2,,435
Secreteriat,"12-01-2023 10:33:44",hum,,63.9
Secreteriat,"12-01-2023 10:33:44",temp,,21.7
Secreteriat,"12-01-2023 10:18:40",co2,,411
Secreteriat,"12-01-2023 10:18:40",hum,,63.7
Secreteriat,"12-01-2023 10:18:40",temp,,21.5
Secreteriat,"12-01-2023 10:03:36",co2,,450
Secreteriat,"12-01-2023 10:03:36",hum,,65.3
Secreteriat,"12-01-2023 10:03:36",temp,,21.3
Secreteriat,"12-01-2023 04:57:35",co2,,400
Secreteriat,"12-01-2023 04:57:35",hum,,65.8
Secreteriat,"12-01-2023 04:57:35",temp,,19.7
Secreteriat,"12-01-2023 04:42:32",co2,,400
Secreteriat,"12-01-2023 04:42:32",hum,,65.9
Secreteriat,"12-01-2023 04:42:32",temp,,19.7
Secreteriat,"12-01-2023 04:27:28",co2,,400
Secreteriat,"12-01-2023 04:27:28",hum,,65.9
Secreteriat,"12-01-2023 04:27:28",temp,,19.7
Secreteriat,"12-01-2023 04:12:25",co2,,400
Secreteriat,"12-01-2023 04:12:25",hum,,66
Secreteriat,"12-01-2023 04:12:25",temp,,19.8
Secreteriat,"12-01-2023 03:57:21",co2,,400
Secreteriat,"12-01-2023 03:57:21",hum,,66
Secreteriat,"12-01-2023 03:57:21",temp,,19.8
Secreteriat,"12-01-2023 03:42:18",co2,,400
Secreteriat,"12-01-2023 03:42:18",hum,,66
Secreteriat,"12-01-2023 03:42:18",temp,,19.8
Secreteriat,"12-01-2023 03:27:14",co2,,400
Secreteriat,"12-01-2023 03:27:14",hum,,66.1
Secreteriat,"12-01-2023 03:27:14",temp,,19.8
Secreteriat,"12-01-2023 03:12:11",co2,,400
Secreteriat,"12-01-2023 03:12:11",hum,,66.1
Secreteriat,"12-01-2023 03:12:11",temp,,19.8
Secreteriat,"12-01-2023 02:57:07",co2,,400
Secreteriat,"12-01-2023 02:57:07",hum,,66.1
Secreteriat,"12-01-2023 02:57:07",temp,,19.9
Secreteriat,"12-01-2023 02:42:03",co2,,400
Secreteriat,"12-01-2023 02:42:03",hum,,66.2
Secreteriat,"12-01-2023 02:42:03",temp,,19.9
Secreteriat,"12-01-2023 02:27:00",co2,,400
Secreteriat,"12-01-2023 02:27:00",hum,,66.2
Secreteriat,"12-01-2023 02:27:00",temp,,19.9
Secreteriat,"12-01-2023 02:11:56",co2,,400
Secreteriat,"12-01-2023 02:11:56",hum,,66.2
Secreteriat,"12-01-2023 02:11:56",temp,,19.9
Secreteriat,"12-01-2023 01:56:53",co2,,400
Secreteriat,"12-01-2023 01:56:53",hum,,66.3
Secreteriat,"12-01-2023 01:56:53",temp,,19.9
Secreteriat,"12-01-2023 01:41:49",co2,,404
Secreteriat,"12-01-2023 01:41:49",hum,,66.3
Secreteriat,"12-01-2023 01:41:49",temp,,20
Secreteriat,"12-01-2023 01:26:45",co2,,400
Secreteriat,"12-01-2023 01:26:45",hum,,66.3
Secreteriat,"12-01-2023 01:26:45",temp,,20
Secreteriat,"12-01-2023 01:11:41",co2,,400
Secreteriat,"12-01-2023 01:11:41",hum,,66.4
Secreteriat,"12-01-2023 01:11:41",temp,,20
Secreteriat,"12-01-2023 00:56:37",co2,,400
Secreteriat,"12-01-2023 00:56:37",hum,,66.3
Secreteriat,"12-01-2023 00:56:37",temp,,20
Secreteriat,"12-01-2023 00:41:33",co2,,400
Secreteriat,"12-01-2023 00:41:33",hum,,66.4
Secreteriat,"12-01-2023 00:41:33",temp,,20.1
Secreteriat,"12-01-2023 00:26:30",co2,,400
Secreteriat,"12-01-2023 00:26:30",hum,,66.5
Secreteriat,"12-01-2023 00:26:30",temp,,20.1
Secreteriat,"12-01-2023 00:11:26",co2,,402
Secreteriat,"12-01-2023 00:11:26",hum,,66.7
Secreteriat,"12-01-2023 00:11:26",temp,,20.1
Secreteriat,"11-01-2023 23:56:22",co2,,403
Secreteriat,"11-01-2023 23:56:22",hum,,66.5
Secreteriat,"11-01-2023 23:56:22",temp,,20.1
Secreteriat,"11-01-2023 23:41:18",co2,,400
Secreteriat,"11-01-2023 23:41:18",hum,,66.6
Secreteriat,"11-01-2023 23:41:18",temp,,20.2
Secreteriat,"11-01-2023 23:26:14",co2,,400
Secreteriat,"11-01-2023 23:26:14",hum,,66.6
Secreteriat,"11-01-2023 23:26:14",temp,,20.2
Secreteriat,"11-01-2023 23:11:10",co2,,400
Secreteriat,"11-01-2023 23:11:10",hum,,66.6
Secreteriat,"11-01-2023 23:11:10",temp,,20.2
Secreteriat,"11-01-2023 22:56:07",co2,,415
Secreteriat,"11-01-2023 22:56:07",hum,,66.6
Secreteriat,"11-01-2023 22:56:07",temp,,20.2
Secreteriat,"11-01-2023 22:41:02",co2,,417
Secreteriat,"11-01-2023 22:41:02",hum,,66.6
Secreteriat,"11-01-2023 22:41:02",temp,,20.3
Secreteriat,"11-01-2023 22:25:58",co2,,438
Secreteriat,"11-01-2023 22:25:58",hum,,66.6
Secreteriat,"11-01-2023 22:25:58",temp,,20.3
Secreteriat,"11-01-2023 22:10:54",co2,,439
Secreteriat,"11-01-2023 22:10:54",hum,,66.6
Secreteriat,"11-01-2023 22:10:54",temp,,20.4
Secreteriat,"11-01-2023 21:55:50",co2,,450
Secreteriat,"11-01-2023 21:55:50",hum,,66.7
Secreteriat,"11-01-2023 21:55:50",temp,,20.4
Secreteriat,"11-01-2023 21:40:46",co2,,449
Secreteriat,"11-01-2023 21:40:46",hum,,66.7
Secreteriat,"11-01-2023 21:40:46",temp,,20.4
Secreteriat,"11-01-2023 21:25:42",co2,,466
Secreteriat,"11-01-2023 21:25:42",hum,,66.7
Secreteriat,"11-01-2023 21:25:42",temp,,20.4
Secreteriat,"11-01-2023 21:10:38",co2,,476
Secreteriat,"11-01-2023 21:10:38",hum,,66.7
Secreteriat,"11-01-2023 21:10:38",temp,,20.5
Secreteriat,"11-01-2023 20:55:34",co2,,486
Secreteriat,"11-01-2023 20:55:34",hum,,66.7
Secreteriat,"11-01-2023 20:55:34",temp,,20.5
Secreteriat,"11-01-2023 20:40:30",co2,,483
Secreteriat,"11-01-2023 20:40:30",hum,,66.7
Secreteriat,"11-01-2023 20:40:30",temp,,20.6
Secreteriat,"11-01-2023 20:25:26",co2,,498
Secreteriat,"11-01-2023 20:25:26",hum,,66.7
Secreteriat,"11-01-2023 20:25:26",temp,,20.6
Secreteriat,"11-01-2023 20:10:22",co2,,513
Secreteriat,"11-01-2023 20:10:22",hum,,66.6
Secreteriat,"11-01-2023 20:10:22",temp,,20.7
Secreteriat,"11-01-2023 19:55:18",co2,,519
Secreteriat,"11-01-2023 19:55:18",hum,,65.4
Secreteriat,"11-01-2023 19:55:18",temp,,20.8
Secreteriat,"11-01-2023 19:40:14",co2,,530
Secreteriat,"11-01-2023 19:40:14",hum,,66.3
Secreteriat,"11-01-2023 19:40:14",temp,,20.8
Secreteriat,"11-01-2023 19:25:09",co2,,523
Secreteriat,"11-01-2023 19:25:09",hum,,66
Secreteriat,"11-01-2023 19:25:09",temp,,20.9
Secreteriat,"11-01-2023 19:10:05",co2,,538
Secreteriat,"11-01-2023 19:10:05",hum,,65.8
Secreteriat,"11-01-2023 19:10:05",temp,,21.1
Secreteriat,"11-01-2023 18:55:01",co2,,542
Secreteriat,"11-01-2023 18:55:01",hum,,65.4
Secreteriat,"11-01-2023 18:55:01",temp,,21.2
Secreteriat,"11-01-2023 18:39:57",co2,,559
Secreteriat,"11-01-2023 18:39:57",hum,,65
Secreteriat,"11-01-2023 18:39:57",temp,,21.4
Secreteriat,"11-01-2023 18:24:53",co2,,564
Secreteriat,"11-01-2023 18:24:53",hum,,64.3
Secreteriat,"11-01-2023 18:24:53",temp,,21.6
Secreteriat,"11-01-2023 18:09:49",co2,,583
Secreteriat,"11-01-2023 18:09:49",hum,,63.2
Secreteriat,"11-01-2023 18:09:49",temp,,21.9
Secreteriat,"11-01-2023 17:54:45",co2,,551
Secreteriat,"11-01-2023 17:54:45",hum,,61.1
Secreteriat,"11-01-2023 17:54:45",temp,,22.4
Secreteriat,"11-01-2023 17:39:41",co2,,593
Secreteriat,"11-01-2023 17:39:41",hum,,60.3
Secreteriat,"11-01-2023 17:39:41",temp,,22.7
Secreteriat,"11-01-2023 17:24:37",co2,,576
Secreteriat,"11-01-2023 17:24:37",hum,,60.6
Secreteriat,"11-01-2023 17:24:37",temp,,22.7
Secreteriat,"11-01-2023 17:09:33",co2,,583
Secreteriat,"11-01-2023 17:09:33",hum,,60.6
Secreteriat,"11-01-2023 17:09:33",temp,,22.8
Secreteriat,"11-01-2023 16:54:29",co2,,578
Secreteriat,"11-01-2023 16:54:29",hum,,60.4
Secreteriat,"11-01-2023 16:54:29",temp,,22.8
Secreteriat,"11-01-2023 16:39:24",co2,,600
Secreteriat,"11-01-2023 16:39:24",hum,,61
Secreteriat,"11-01-2023 16:39:24",temp,,22.7
Secreteriat,"11-01-2023 16:24:20",co2,,651
Secreteriat,"11-01-2023 16:24:20",hum,,62.1
Secreteriat,"11-01-2023 16:24:20",temp,,22.5
Secreteriat,"11-01-2023 16:09:16",co2,,697
Secreteriat,"11-01-2023 16:09:16",hum,,64.4
Secreteriat,"11-01-2023 16:09:16",temp,,22.5
Secreteriat,"11-01-2023 15:54:12",co2,,691
Secreteriat,"11-01-2023 15:54:12",hum,,64
Secreteriat,"11-01-2023 15:54:12",temp,,22.4
Secreteriat,"11-01-2023 15:39:05",co2,,682
Secreteriat,"11-01-2023 15:39:05",hum,,64.8
Secreteriat,"11-01-2023 15:39:05",temp,,22.4
Secreteriat,"11-01-2023 15:24:01",co2,,678
Secreteriat,"11-01-2023 15:24:01",hum,,64.4
Secreteriat,"11-01-2023 15:24:01",temp,,22.3
Secreteriat,"11-01-2023 15:08:56",co2,,693
Secreteriat,"11-01-2023 15:08:56",hum,,64.1
Secreteriat,"11-01-2023 15:08:56",temp,,22.3
Secreteriat,"11-01-2023 14:53:52",co2,,654
Secreteriat,"11-01-2023 14:53:52",hum,,64.1
Secreteriat,"11-01-2023 14:53:52",temp,,22.1
Secreteriat,"11-01-2023 14:38:48",co2,,587
Secreteriat,"11-01-2023 14:38:48",hum,,63.4
Secreteriat,"11-01-2023 14:38:48",temp,,21.8
Secreteriat,"11-01-2023 14:23:43",co2,,560
Secreteriat,"11-01-2023 14:23:43",hum,,62.9
Secreteriat,"11-01-2023 14:23:43",temp,,21.4
Secreteriat,"11-01-2023 14:08:39",co2,,421
Secreteriat,"11-01-2023 14:08:39",hum,,61.3
Secreteriat,"11-01-2023 14:08:39",temp,,20.9
Secreteriat,"11-01-2023 11:54:36",co2,,400
Secreteriat,"11-01-2023 11:54:36",hum,,59.1
Secreteriat,"11-01-2023 11:54:36",temp,,22.5
Secreteriat,"11-01-2023 10:28:32",co2,,400
Secreteriat,"11-01-2023 10:28:32",hum,,60.3
Secreteriat,"11-01-2023 10:28:32",temp,,21.3
Secreteriat,"11-01-2023 10:23:29",co2,,400
Secreteriat,"11-01-2023 10:23:29",hum,,60.3
Secreteriat,"11-01-2023 10:23:29",temp,,21.5
Secreteriat,"11-01-2023 10:18:27",co2,,532
Secreteriat,"11-01-2023 10:18:27",hum,,65.5
Secreteriat,"11-01-2023 10:18:27",temp,,22.3
Secreteriat,"11-01-2023 10:13:25",co2,,597
Secreteriat,"11-01-2023 10:13:25",hum,,66.7
Secreteriat,"11-01-2023 10:13:25",temp,,22.3
Secreteriat,"11-01-2023 10:08:22",co2,,608
Secreteriat,"11-01-2023 10:08:22",hum,,67.5
Secreteriat,"11-01-2023 10:08:22",temp,,22.3
Secreteriat,"11-01-2023 10:03:20",co2,,685
Secreteriat,"11-01-2023 10:03:20",hum,,68.6
Secreteriat,"11-01-2023 10:03:20",temp,,22.3
Secreteriat,"11-01-2023 09:58:18",co2,,683
Secreteriat,"11-01-2023 09:58:18",hum,,68.3
Secreteriat,"11-01-2023 09:58:18",temp,,22.2
Secreteriat,"11-01-2023 09:53:15",co2,,656
Secreteriat,"11-01-2023 09:53:15",hum,,68.3
Secreteriat,"11-01-2023 09:53:15",temp,,22.1
Secreteriat,"11-01-2023 09:48:13",co2,,655
Secreteriat,"11-01-2023 09:48:13",hum,,68.4
Secreteriat,"11-01-2023 09:48:13",temp,,22
Secreteriat,"11-01-2023 09:43:11",co2,,640
Secreteriat,"11-01-2023 09:43:11",hum,,68.7
Secreteriat,"11-01-2023 09:43:11",temp,,21.9
Secreteriat,"11-01-2023 09:38:07",co2,,612
Secreteriat,"11-01-2023 09:38:07",hum,,68.6
Secreteriat,"11-01-2023 09:38:07",temp,,21.7
Secreteriat,"11-01-2023 09:33:04",co2,,546
Secreteriat,"11-01-2023 09:33:04",hum,,68.5
Secreteriat,"11-01-2023 09:33:04",temp,,21.7
Secreteriat,"11-01-2023 09:28:02",co2,,501
Secreteriat,"11-01-2023 09:28:02",hum,,68.5
Secreteriat,"11-01-2023 09:28:02",temp,,21.6
Secreteriat,"11-01-2023 09:23:00",co2,,449
Secreteriat,"11-01-2023 09:23:00",hum,,67.6
Secreteriat,"11-01-2023 09:23:00",temp,,21.8
Secreteriat,"10-01-2023 15:40:00",co2,,479
Secreteriat,"10-01-2023 15:40:00",hum,,66.7
Secreteriat,"10-01-2023 15:40:00",temp,,22
Secreteriat,"10-01-2023 15:34:58",co2,,429
Secreteriat,"10-01-2023 15:34:58",hum,,66.5
Secreteriat,"10-01-2023 15:34:58",temp,,22
Secreteriat,"10-01-2023 15:29:56",co2,,426
Secreteriat,"10-01-2023 15:29:56",hum,,66.7
Secreteriat,"10-01-2023 15:29:56",temp,,21.9
Secreteriat,"10-01-2023 15:24:54",co2,,455
Secreteriat,"10-01-2023 15:24:54",hum,,66.4
Secreteriat,"10-01-2023 15:24:54",temp,,21.9
Secreteriat,"10-01-2023 15:19:52",co2,,491
Secreteriat,"10-01-2023 15:19:52",hum,,67.3
Secreteriat,"10-01-2023 15:19:52",temp,,21.9
Secreteriat,"10-01-2023 15:14:50",co2,,417
Secreteriat,"10-01-2023 15:14:50",hum,,67
Secreteriat,"10-01-2023 15:14:50",temp,,21.8
Secreteriat,"10-01-2023 15:09:48",co2,,413
Secreteriat,"10-01-2023 15:09:48",hum,,67.3
Secreteriat,"10-01-2023 15:09:48",temp,,21.7
Secreteriat,"10-01-2023 15:04:46",co2,,416
Secreteriat,"10-01-2023 15:04:46",hum,,67.4
Secreteriat,"10-01-2023 15:04:46",temp,,21.6
Secreteriat,"10-01-2023 14:59:44",co2,,411
Secreteriat,"10-01-2023 14:59:44",hum,,67.5
Secreteriat,"10-01-2023 14:59:44",temp,,21.6
Secreteriat,"10-01-2023 14:54:42",co2,,421
Secreteriat,"10-01-2023 14:54:42",hum,,68.1
Secreteriat,"10-01-2023 14:54:42",temp,,21.5
Secreteriat,"10-01-2023 14:49:39",co2,,400
Secreteriat,"10-01-2023 14:49:39",hum,,67.2
Secreteriat,"10-01-2023 14:49:39",temp,,21.4
Secreteriat,"10-01-2023 14:44:37",co2,,400
Secreteriat,"10-01-2023 14:44:37",hum,,68
Secreteriat,"10-01-2023 14:44:37",temp,,21.3
Secreteriat,"10-01-2023 14:39:35",co2,,400
Secreteriat,"10-01-2023 14:39:35",hum,,68.2
Secreteriat,"10-01-2023 14:39:35",temp,,21.2
Secreteriat,"10-01-2023 14:34:33",co2,,400
Secreteriat,"10-01-2023 14:34:33",hum,,67.7
Secreteriat,"10-01-2023 14:34:33",temp,,21
Secreteriat,"10-01-2023 14:29:31",co2,,400
Secreteriat,"10-01-2023 14:29:31",hum,,67.2
Secreteriat,"10-01-2023 14:29:31",temp,,20.9
Secreteriat,"10-01-2023 14:24:29",co2,,400
Secreteriat,"10-01-2023 14:24:29",hum,,67.1
Secreteriat,"10-01-2023 14:24:29",temp,,20.9
Secreteriat,"10-01-2023 14:19:27",co2,,400
Secreteriat,"10-01-2023 14:19:27",hum,,67.3
Secreteriat,"10-01-2023 14:19:27",temp,,20.9
Secreteriat,"10-01-2023 14:14:26",co2,,400
Secreteriat,"10-01-2023 14:14:26",hum,,67.3
Secreteriat,"10-01-2023 14:14:26",temp,,20.9
Secreteriat,"10-01-2023 14:09:23",co2,,400
Secreteriat,"10-01-2023 14:09:23",hum,,67.4
Secreteriat,"10-01-2023 14:09:23",temp,,21
Secreteriat,"10-01-2023 14:04:21",co2,,400
Secreteriat,"10-01-2023 14:04:21",hum,,67.4
Secreteriat,"10-01-2023 14:04:21",temp,,21
Secreteriat,"10-01-2023 13:59:19",co2,,400
Secreteriat,"10-01-2023 13:59:19",hum,,67.5
Secreteriat,"10-01-2023 13:59:19",temp,,21
Secreteriat,"10-01-2023 13:54:18",co2,,400
Secreteriat,"10-01-2023 13:54:18",hum,,67.1
Secreteriat,"10-01-2023 13:54:18",temp,,21
Secreteriat,"10-01-2023 13:49:15",co2,,401
Secreteriat,"10-01-2023 13:49:15",hum,,68.1
Secreteriat,"10-01-2023 13:49:15",temp,,21.1
Secreteriat,"10-01-2023 13:44:13",co2,,425
Secreteriat,"10-01-2023 13:44:13",hum,,68.3
Secreteriat,"10-01-2023 13:44:13",temp,,21.2
Secreteriat,"10-01-2023 13:39:11",co2,,438
Secreteriat,"10-01-2023 13:39:11",hum,,68.6
Secreteriat,"10-01-2023 13:39:11",temp,,21.2
Secreteriat,"10-01-2023 13:34:09",co2,,436
Secreteriat,"10-01-2023 13:34:09",hum,,68.5
Secreteriat,"10-01-2023 13:34:09",temp,,21.2
Secreteriat,"10-01-2023 13:29:07",co2,,429
Secreteriat,"10-01-2023 13:29:07",hum,,68.3
Secreteriat,"10-01-2023 13:29:07",temp,,21.3
Secreteriat,"10-01-2023 13:24:05",co2,,426
Secreteriat,"10-01-2023 13:24:05",hum,,68.3
Secreteriat,"10-01-2023 13:24:05",temp,,21.3
Secreteriat,"10-01-2023 13:19:03",co2,,430
Secreteriat,"10-01-2023 13:19:03",hum,,68.2
Secreteriat,"10-01-2023 13:19:03",temp,,21.3
Secreteriat,"10-01-2023 13:14:01",co2,,440
Secreteriat,"10-01-2023 13:14:01",hum,,68.1
Secreteriat,"10-01-2023 13:14:01",temp,,21.3
Secreteriat,"10-01-2023 13:08:59",co2,,430
Secreteriat,"10-01-2023 13:08:59",hum,,67.9
Secreteriat,"10-01-2023 13:08:59",temp,,21.4
Secreteriat,"10-01-2023 13:03:57",co2,,429
Secreteriat,"10-01-2023 13:03:57",hum,,67.9
Secreteriat,"10-01-2023 13:03:57",temp,,21.4
Secreteriat,"10-01-2023 12:58:55",co2,,428
Secreteriat,"10-01-2023 12:58:55",hum,,67.9
Secreteriat,"10-01-2023 12:58:55",temp,,21.4
Secreteriat,"10-01-2023 12:53:53",co2,,428
Secreteriat,"10-01-2023 12:53:53",hum,,67.4
Secreteriat,"10-01-2023 12:53:53",temp,,21.5
Secreteriat,"10-01-2023 12:48:51",co2,,422
Secreteriat,"10-01-2023 12:48:51",hum,,66.9
Secreteriat,"10-01-2023 12:48:51",temp,,21.5
Secreteriat,"10-01-2023 12:43:49",co2,,400
Secreteriat,"10-01-2023 12:43:49",hum,,66.1
Secreteriat,"10-01-2023 12:43:49",temp,,21.6
Secreteriat,"10-01-2023 12:38:47",co2,,400
Secreteriat,"10-01-2023 12:38:47",hum,,65.8
Secreteriat,"10-01-2023 12:38:47",temp,,21.7
Secreteriat,"10-01-2023 12:33:45",co2,,400
Secreteriat,"10-01-2023 12:33:45",hum,,65.5
Secreteriat,"10-01-2023 12:33:45",temp,,21.7
Secreteriat,"10-01-2023 12:28:43",co2,,400
Secreteriat,"10-01-2023 12:28:43",hum,,64.9
Secreteriat,"10-01-2023 12:28:43",temp,,21.9
Secreteriat,"10-01-2023 12:23:41",co2,,400
Secreteriat,"10-01-2023 12:23:41",hum,,64.7
Secreteriat,"10-01-2023 12:23:41",temp,,21.9
Secreteriat,"10-01-2023 12:18:39",co2,,400
Secreteriat,"10-01-2023 12:18:39",hum,,64
Secreteriat,"10-01-2023 12:18:39",temp,,22.1
Secreteriat,"10-01-2023 12:13:37",co2,,400
Secreteriat,"10-01-2023 12:13:37",hum,,64.1
Secreteriat,"10-01-2023 12:13:37",temp,,22.3
Secreteriat,"10-01-2023 12:08:35",co2,,400
Secreteriat,"10-01-2023 12:08:35",hum,,63.7
Secreteriat,"10-01-2023 12:08:35",temp,,22.5
Secreteriat,"10-01-2023 12:03:33",co2,,400
Secreteriat,"10-01-2023 12:03:33",hum,,63.8
Secreteriat,"10-01-2023 12:03:33",temp,,22.6
Secreteriat,"10-01-2023 11:58:31",co2,,400
Secreteriat,"10-01-2023 11:58:31",hum,,63.6
Secreteriat,"10-01-2023 11:58:31",temp,,22.6
Secreteriat,"10-01-2023 11:53:29",co2,,400
Secreteriat,"10-01-2023 11:53:29",hum,,63.1
Secreteriat,"10-01-2023 11:53:29",temp,,22.5
Secreteriat,"10-01-2023 11:48:27",co2,,400
Secreteriat,"10-01-2023 11:48:27",hum,,63.1
Secreteriat,"10-01-2023 11:48:27",temp,,22.6
Secreteriat,"10-01-2023 11:43:25",co2,,400
Secreteriat,"10-01-2023 11:43:25",hum,,63.4
Secreteriat,"10-01-2023 11:43:25",temp,,22.6
Secreteriat,"10-01-2023 11:38:24",co2,,400
Secreteriat,"10-01-2023 11:38:24",hum,,63.1
Secreteriat,"10-01-2023 11:38:24",temp,,22.5
Secreteriat,"10-01-2023 11:33:22",co2,,400
Secreteriat,"10-01-2023 11:33:22",hum,,63.7
Secreteriat,"10-01-2023 11:33:22",temp,,22.4
Secreteriat,"10-01-2023 11:28:20",co2,,417
Secreteriat,"10-01-2023 11:28:20",hum,,64.4
Secreteriat,"10-01-2023 11:28:20",temp,,22.4
Secreteriat,"10-01-2023 11:23:18",co2,,400
Secreteriat,"10-01-2023 11:23:18",hum,,64.2
Secreteriat,"10-01-2023 11:23:18",temp,,22.4
Secreteriat,"10-01-2023 11:18:16",co2,,548
Secreteriat,"10-01-2023 11:18:16",hum,,64.7
Secreteriat,"10-01-2023 11:18:16",temp,,22.3
Secreteriat,"10-01-2023 11:13:13",co2,,428
Secreteriat,"10-01-2023 11:13:13",hum,,65
Secreteriat,"10-01-2023 11:13:13",temp,,22.2
Secreteriat,"10-01-2023 11:08:11",co2,,445
Secreteriat,"10-01-2023 11:08:11",hum,,65.6
Secreteriat,"10-01-2023 11:08:11",temp,,22.1
Secreteriat,"10-01-2023 11:03:09",co2,,456
Secreteriat,"10-01-2023 11:03:09",hum,,65.4
Secreteriat,"10-01-2023 11:03:09",temp,,22
Secreteriat,"10-01-2023 10:58:07",co2,,460
Secreteriat,"10-01-2023 10:58:07",hum,,66.6
Secreteriat,"10-01-2023 10:58:07",temp,,22
Secreteriat,"10-01-2023 10:53:05",co2,,455
Secreteriat,"10-01-2023 10:53:05",hum,,65.4
Secreteriat,"10-01-2023 10:53:05",temp,,21.9
Secreteriat,"10-01-2023 10:44:49",co2,,679
Secreteriat,"10-01-2023 10:44:49",hum,,65.6
Secreteriat,"10-01-2023 10:44:49",temp,,21.9
Secreteriat,"10-01-2023 10:39:46",co2,,598
Secreteriat,"10-01-2023 10:39:46",hum,,65.5
Secreteriat,"10-01-2023 10:39:46",temp,,21.8
Secreteriat,"10-01-2023 10:34:44",co2,,558
Secreteriat,"10-01-2023 10:34:44",hum,,65.5
Secreteriat,"10-01-2023 10:34:44",temp,,21.8
Secreteriat,"10-01-2023 10:29:42",co2,,583
Secreteriat,"10-01-2023 10:29:42",hum,,65.5
Secreteriat,"10-01-2023 10:29:42",temp,,21.7
Secreteriat,"10-01-2023 10:18:54",co2,,453
Secreteriat,"10-01-2023 10:18:54",hum,,64.7
Secreteriat,"10-01-2023 10:18:54",temp,,21.7
Secreteriat,"06-01-2023 16:28:36",co2,,400
Secreteriat,"06-01-2023 16:28:36",hum,,57.7
Secreteriat,"06-01-2023 16:28:36",temp,,23.5
Secreteriat,"06-01-2023 16:23:34",co2,,463
Secreteriat,"06-01-2023 16:23:34",hum,,57.1
Secreteriat,"06-01-2023 16:23:34",temp,,23.6
Secreteriat,"06-01-2023 16:18:32",co2,,400
Secreteriat,"06-01-2023 16:18:32",hum,,58
Secreteriat,"06-01-2023 16:18:32",temp,,23.8
Secreteriat,"06-01-2023 16:13:29",co2,,400
Secreteriat,"06-01-2023 16:13:29",hum,,57.3
Secreteriat,"06-01-2023 16:13:29",temp,,23.8
Secreteriat,"06-01-2023 16:08:27",co2,,455
Secreteriat,"06-01-2023 16:08:27",hum,,57.6
Secreteriat,"06-01-2023 16:08:27",temp,,23.7
Secreteriat,"06-01-2023 16:03:25",co2,,431
Secreteriat,"06-01-2023 16:03:25",hum,,56.9
Secreteriat,"06-01-2023 16:03:25",temp,,23.7
Secreteriat,"06-01-2023 15:58:23",co2,,400
Secreteriat,"06-01-2023 15:58:23",hum,,55.9
Secreteriat,"06-01-2023 15:58:23",temp,,23.9
Secreteriat,"06-01-2023 15:53:21",co2,,400
Secreteriat,"06-01-2023 15:53:21",hum,,56.1
Secreteriat,"06-01-2023 15:53:21",temp,,23.9
Secreteriat,"06-01-2023 15:48:19",co2,,418
Secreteriat,"06-01-2023 15:48:19",hum,,56.1
Secreteriat,"06-01-2023 15:48:19",temp,,23.9
Secreteriat,"06-01-2023 15:43:16",co2,,423
Secreteriat,"06-01-2023 15:43:16",hum,,56.4
Secreteriat,"06-01-2023 15:43:16",temp,,24
Secreteriat,"06-01-2023 15:38:11",co2,,434
Secreteriat,"06-01-2023 15:38:11",hum,,58.1
Secreteriat,"06-01-2023 15:38:11",temp,,24
Secreteriat,"06-01-2023 15:33:09",co2,,409
Secreteriat,"06-01-2023 15:33:09",hum,,56.6
Secreteriat,"06-01-2023 15:33:09",temp,,23.8
Secreteriat,"06-01-2023 14:36:50",temp,,24.9
Secreteriat,"06-01-2023 14:31:48",temp,,24.6
Secreteriat,"06-01-2023 14:25:36",temp,,24.7
Secreteriat,"06-01-2023 14:25:27",temp,,24.7
Secreteriat,"06-01-2023 14:25:19",temp,,24.7
Secreteriat,"06-01-2023 14:25:10",temp,,24.7
Secreteriat,"06-01-2023 14:25:01",temp,,24.7
Secreteriat,"06-01-2023 14:24:53",temp,,24.7
Secreteriat,"06-01-2023 14:24:44",temp,,24.8
Secreteriat,"06-01-2023 14:24:35",temp,,24.8
Secreteriat,"06-01-2023 14:24:26",temp,,24.8
Secreteriat,"06-01-2023 14:24:18",temp,,24.8
Secreteriat,"06-01-2023 14:24:09",temp,,24.8
Secreteriat,"06-01-2023 14:24:00",temp,,24.9
Secreteriat,"06-01-2023 14:23:52",temp,,24.9
Secreteriat,"06-01-2023 14:23:43",temp,,24.9
Secreteriat,"06-01-2023 14:23:34",temp,,24.9
Secreteriat,"06-01-2023 14:23:25",temp,,24.9
Secreteriat,"06-01-2023 14:23:17",temp,,24.9
Secreteriat,"06-01-2023 14:23:08",temp,,25
Secreteriat,"06-01-2023 14:22:59",temp,,25
Secreteriat,"06-01-2023 14:22:50",temp,,25
Secreteriat,"06-01-2023 14:22:42",temp,,25
Secreteriat,"06-01-2023 14:22:33",temp,,25
Secreteriat,"06-01-2023 14:22:24",temp,,25
Secreteriat,"06-01-2023 14:22:16",temp,,25
Secreteriat,"06-01-2023 14:22:07",temp,,25.1
Secreteriat,"06-01-2023 14:21:58",temp,,25.1
Secreteriat,"06-01-2023 14:21:49",temp,,25.1
Secreteriat,"06-01-2023 14:21:41",temp,,25.2
Secreteriat,"06-01-2023 14:21:32",temp,,25.2
Secreteriat,"06-01-2023 14:21:23",temp,,25.2
Secreteriat,"06-01-2023 14:21:14",temp,,25.2
Secreteriat,"06-01-2023 14:21:06",temp,,25.3
Secreteriat,"06-01-2023 14:20:57",temp,,25.2
Secreteriat,"06-01-2023 14:20:48",temp,,25.2
Secreteriat,"06-01-2023 14:20:39",temp,,25.2
Secreteriat,"06-01-2023 14:20:31",temp,,25.5
Secreteriat,"06-01-2023 14:20:22",temp,,25.6
Secreteriat,"06-01-2023 14:20:13",temp,,24.2
Secreteriat,"06-01-2023 14:20:04",temp,,24.1
Secreteriat,"05-01-2023 11:22:00",temp,test,22
Secreteriat,"05-01-2023 11:22:00",temp,test,22
Secreteriat,"05-01-2023 11:22:00",temp,test,22
Secreteriat,"05-01-2023 11:22:00",temp,test,22
Secreteriat,"05-01-2023 11:22:00",temp,test,22
Secreteriat,"05-01-2023 11:22:00",temp,test,22
Secreteriat,"05-01-2023 11:22:00",temp,test,22
Secreteriat,"05-01-2023 11:22:00",temp,test,22
Secreteriat,"01-01-2023 11:33:59",temp,,30
